name,Ghost,,,,,points,
image,images/ghost.png,,,,,,
inspections: ,General,Constitutional,Recent medical evaluations or treatments,,,,None
,,,Weight change,,,,Within normal limits
,,,Fatigue,,,,Within normal limits
,,,Difficulty sleeping,,,,Within normal limits
,,,Feeling well or poorly in general,,,,Generally feeling well
,,,Chronic pain,,,,No chronic pain
,,,"Fever, chills, sweat",,,,None
,,Eye,Last comprehensive eye exam,,,,Recent eye exam in the past year
,,,Chronic or past eye disorders,,,,No eye disorders
,,,"Pain, change in vision, or blurriness",,,,No pain or changes in vision
,,,Double vision,,,,No diplopia
,,,Eye discharge or redness,,,,Within normal limits
,,Head and Neck,Chronic or past head and neck disorders,,,,None
,,,Pain,,,,None
,,,Sores or non-healing ulcers in/arround mouth,,,,None
,,,Masses or growths,,,,None
,,,Changes in hearing,,,,None
,,,Ear pain or discharge,,,,None
,,,"Nasal discharge/postnasal drip, sore throat",,,,Within normal limits
,,,Change in voice/hoarseness,,,,None
,,,Dental pain/problems,,,,None
,,,Sense of lump or mass in throat when swallowing,,,,None
,,Pulmonary,Chronic or past pulmonary disorders,,,,None
,,,Shortness of breath with or without exertion,,,,Within normal limits
,,,Chest pain,,,,None
,,,Cough with or without blood,,,,None
,,,Wheezing,,,,None
,,,Snoring or not breathing,,,,"Within normal limits, no reported apneas"
,,Cardiovascular,Chronic or past cardiovascular disorders,,,,None
,,,Chest pain or pressure,,,,None
,,,Shortness of breath at rest or with exertion,,,,Within normal limits
,,,Shortness of breath when lying down,,,,None
,,,Waking up from sudden shortness of breath,,,,None
,,,Lower extremity swelling,,,,None
,,,Syncope,,,,None
,,,Sense of rapid or irregular heartbeat,,,,None
,,,Leg pain or cramps with walking,,,,None
,,,Wounds/ulcers in feet? Difficult or slow to heal?,,,,None
,,Gastrointestinal,Chronic or past GI disorder,,,,None
,,,Heartburn or substernal burning,,,,Within normal limits
,,,Abdominal pain,,,,None
,,,Difficulty swallowing,,,,None
,,,Pain upon swallowing,,,,None
,,,"Nausea or vomiting, with or without blood",,,,None
,,,Abdominal swelling or distention,,,,None
,,,Jaundice,,,,None
,,,Black/tarry or bloody stools,,,,None
,,,Constipation/diarrhea/other change in bowel habits,,,,None
,,Genitourinary,Chronic or past genitourinary disorder,,,,None
,,,Blood in urine,,,,None
,,,Burning with urination,,,,None
,,,Urination at night,,,,None
,,,Incontinence,,,,None
,,,Urgency,,,,Within normal limits
,,,Frequency,,,,Within normal limits
,,,"Incomplete emptying, hesitancy, decreased force of stream, need to void soon after urinating",,,,Within normal limits
,,,Andrology,,,,Not included in this package
,,,Ob/Gyn/Breast,,,,Not included in this package
,,Hematology/Oncology,Chronic or past hematological or oncologic disease,,,,None
,,,"Fevers, chills, sweats, weight loss",,,,None
,,,Abnormal bleeding or bruising,,,,Within normal limits
,,,New/growing lumps or bumps?,,,,None
,,,Hypercoagulability?,,,,Within normal limits
,,Neurological,Chronic or past neurological disease,,,,None
,,,Sudden or gradual loss of neurological function,,,,None
,,,Abrupt loss or change in level of consciousness,,,,None
,,,Witnessed seizure activity,,,,None
,,,Numbness,,,,None
,,,Weakness,,,,None
,,,Dizziness,,,,None
,,,Balance problems,,,,None
,,,Headache,,,,None
,,Endocrine,Chronic or past endocrine disorders,,,,None
,,,"Frequent urination, thirst, or hunger",,,,"Reports constant, gnawing hunger, at baseline"
,,,Fatigue,,,,Within normal limits
,,,Weight changes,,,,Within normal limits
,,Musculoskeletal,Chronic or past musculoskeletal disease,,,,None
,,,"Joint pain, redness, or swelling",,,,None
,,,Muscle ache,,,,Within normal limits
,,,Low back pain,,,,None
,,Mental Health,Known mental health disorder,,,,None
,,,Mood,,,,within normal limits
,,,Substance abuse,,,,within normal limits
,,,Anxiety,,,,within normal limits
,,,"Memory, confusion",,,,within normal limits
,,Dermatological,Chronic or past skin disorder,,,,None
,,,Hair loss,,,,None
,,,Skin eruptions/rashes,,,,None
,,,Growths,,,,None
,,,Sores that grow and/or don't heal,,,,None
,,,"Lesions changing in size, shape, and color",,,,None
,,,Itching,,,,None
,,Infectious diseases,Known current disease,,,,None
,,,"Fever, chills, sweat, rash",,,,None
,Constitutional,Overview,,,,psych con,"Patient appears awake, alert, and oriented x4, well-groomed, well-nourished, and neatly dressed, in no acute distress."
,,Temperature,,,,con,15°C
,,Respiratory rate,,,,con,15 breaths per minute
,,Pulse,,,,con,Pulse is absent
,,Blood pressure,,,,con,0 mmHg
,,Blood oxygenation,,,,con,21% O2
,,Height,,,,con,"5' 8"""
,Eye exam,Visual acuity with and without pinhole,,,,eye neuro,"No current spectacle correction, Snellen 20/20 OU without pinhole "
,,Color,,,,eye,Ishihara: 15/15 OU
,,Observation and external anatomy,,,,eye neuro lymph,No eyes were observed.
,,Intraocular pressure,,,,eye,No eyes were observed.
,,Extraocular movements,,,,eye neuro,No eyes were observed.
,,Visual Fields,,,,eye neuro,Visual fields are normal to confrontation with finger counting
,,Pupil exam,,,,eye neuro,No eyes were observed.
,,Corneas,,,,eye,No eyes were observed.
,,Anterior chamber,,,,eye,No eyes were observed.
,,Iris,,,,eye,No eyes were observed.
,,Dilated fundus exam,,,,eye,No eyes were observed.
,,Lens,,,,ent,No eyes were observed.
,Head and Neck exam,Head,,,,derm ent,"Normocephalic, atraumatic, no visible or palpable masses, depressions, or scarring. No discoloration, rashes, or lesions."
,,Ear,Observation,,,lymph ent,EAC clear without discharge.
,,,Acuity,,,Neuro ent,Hearing is intact with good acuity to whispered voice AU.
,,,Pure tone testing,,,Neuro ent,Within normal limits AU
,,,Word recognition,,,Neuro ent,Excellent AU
,,,Acoustic reflex testing,,,neuro ent,Within normal limits ipsilaterally and contralaterally AU
,,,OAE screening,,,ent,Normal AU
,,,QuickSIN,,,ent,No signal-to-noise ratio loss
,,Nose,,,,Lymph ent,No nose was observed.
,,Sinuses,,,,Lymph ent,No tenderness noted to palpation or percussion
,,Oropharynx,,,,ent,"Clear, without erythema or exudate. "
,,Larynx,,,,ent,"Within normal limits, with good mobility of larynx by mirror. Vocal cords move normally by mirror. "
,,Thyroid,,,,Lymph ent,"No thyromegaly, tenderness, or masses. No exophthalmos noted."
,,Neck,,,,Derm ent CV mss lymph,"Supple, symmetric, no masses or crepitus, no lesions, bruits, or adenopathy. Carotid pulse 2+ bilaterally without bruit. Trachea in normal position. No head tilt. Capital extension and flexion, cervical extension and flexion, capital plus cervical extension, capital plus cervical flexion, and neck flexion with rotation within normal limits. Spurling test negative."
,Lymphatic exam,Neck,,,,lymph ent,"Soft and supple, without lymphadenopathy. No tonsillar hypertrophy or exudate."
,,Axillae,,,,lymph mss,"Soft and supple, without lymphadenopathy."
,,Groin,,,,lymph abd,"Soft and supple, without lymphadenopathy."
,,Other,,,,lymph,"Soft and supple, without lymphadenopathy"
,Respiratory exam,Inspection and observation,,,,derm pulm,"The chest wall is symmetric, without deformity, and atraumatic in appearance. Effort, rate and movement within normal limits, no apneas."
,,Palpation,,,,pulm,No tenderness is appreciated upon palpation of the chest wall.
,,Percussion,,,,pulm,Percussion met with no resistance. No resonance noted.
,,Auscultation,,,,pulm,Clear to auscultation bilaterally. Mild wheezing in both lobes.
,Cardiovascular exam,Observation ,,,,cv derm,"External chest is invisible in appearance, without lifts, heaves, or thrills. PMI is not visible. Regular rate and rhythm. "
,,Jugular venous pressure,,,,cv,JVP 7 cm above right atrium. No jugular venous distention noted. Abdominojugular test within normal limits.
,,Palpation,,,,cv,Heart was unable to be palpated. Heart rate and rhythm are normal.
,,Auscultation,,,,cv lymph,"S1 and S2 are heard and are of normal intensity. No S3, S4, bruits, murmur, rub, or gallop. "
,,Assessment of extremities,,,,cv mss,"Carotid arteries, abdominal aorta, femoral arteries, and pedal pulses 2+ bilaterally, without bruit. No edemas or varicosities noted. ABPI between 1.2-0.90. Buerger's test within normal limits. Brodie-Trendelenburg test refills within normal limits."
,Abdominal exam,Observation,,,,abd lymph,No masses or tenderness. No hemorrhoid or hernia. No visible lesions or scars. The aorta is midline without bruit or visible pulsation. Umbilicus is midline without herniation.
,,Auscultation,,,,abd,Bowel sounds normal and normoactive in all 4 quadrants.
,,Percussion,,,,abd,"No resistance to percussion, no hepatomegaly or splenomegaly noted. No tenderness or guarding noted."
,,Palpation,,,,abd,"Soft, symmetric, and non-tender, no organomegaly or masses. No McBurney's point tenderness."
,,Stool sample,,,,abd,No melena or hematochezia. Guaiac negative.
,,Rectal,,,,abd,"Normal sphincter tone, no hemorrhoids or masses palpable."
,Breast exam,Palpation,,,,abd lymph,"Non-tender, no masses on palpation. No axillary lymph node enlargement."
,Musculoskeletal exam,Right and Left upper limb exam,Observation,,,mss mss derm,"Arms and hands appear normal, atraumatic, and symmetric, with no misalignments, defects, clubbing, cyanosis, varicosities, erythema, petechiae, ischemia, masses, or effusion. Variable in size, length, shape, and position."
,,,Pulses,,,mss mss cv,No pulses were palpable.
,,,Sensation,,,mss mss neuro,Within normal limits
,,,Reflexes,Biceps,,mss mss neuro,2+/2+
,,,,Brachioradialis,,mss mss neuro,2+/2+
,,,,Triceps,,mss mss neuro,2+/2+
,,,"Bakody's test, Reverse Bakody's test, and Ludington's test",,,mss mss ent,No arm pain with or without arm elevation. Biceps contraction intact bilaterally.
,,,Range of motion,,,mss mss,"Scapular abduction, adduction, and elevation within normal limits. "
,,,Muscle strength,,,mss mss,5/5 BUE
,,,Shoulder exam,Observation,,mss mss derm,"Within normal limits, symmetric, with no signs of misalignments, defects, cyanosis, erythema, petechia, masses, effusion, or inflammation."
,,,,Palpation,,mss mss,No upper limbs were palpable.
,,,,"Range of motion, active and passive",Abduction,mss mss,Hyperabductable 0-360°
,,,,,Apley scratch test,mss mss,Hyperabduction and external rotation noted.
,,,,,"Abduction, internal rotation, and external rotation",mss mss,Hyperabduction and internal rotation noted
,,,,,Forward flexion,mss mss,Hyperflexion noted 0-360°
,,,,,Extension,mss mss,"Hyperextesion noted, 0-360°"
,,,,Rotator cuff exam,,mss mss,"5/5 bilaterally in supraspinatus, infraspinatus/teres, and subscapularis"
,,,,Neers Test,,mss mss,No pain or tenderness
,,,,Hawkins-Kennedy Test,,mss mss,No pain or tenderness
,,,,Jobe's/Empty Can Test,,mss mss,No pain or weakness
,,,,Gerber's Liftoff Test,,mss mss,"Normal range of motion, no pain even with resistance"
,,,,Drop Arm Test,,mss mss,Normal range of motion
,,,,"Biceps load I and II, and compression rotation test",,mss mss,"No pain, discomfort, subluxation, or luxation noted."
,,,,Yergason's Test/Speed's Maneuver,,mss mss,"Normal strength, no pain or tenderness"
,,,,"Apprehension Test, Surprise Test, and Relocation Test",,mss mss,Pain or tenderness not elicited
,,,,Dynamic impingement test (Allingham's test),,mss mss,No pain or weakness elicited.
,,,,Cross-chest adduction and horizontal adduction test,,mss mss,No pain or tenderness elicited.
,,,,"Adson's, Allen's, Eden's, Cyriax Release, Hyperabduction, Roos, Halstead tests",,mss mss CV,"No pain or tenderness elicited, no discoloration or temperature changes from arterial or venous compression noted."
,,,,Crank Test/OBrien's Test,,mss mss,Pain or tenderness not observed
,,,Elbow exam,Observation,,mss mss derm,"No deformity, skin abnormality, or swelling bilaterally. Variable in size, shape, and position, symmetrical bilaterally."
,,,,Palpation,,mss mss,"No resistance to palpation. No tenderness, soft tissue swelling, or joint effusion noted upon exam. Stable, no luxation, subluxation, or laxity noted. No pain elicited to Maudsley's test. "
,,,,Elbow flexion and extension,,mss mss,"Full flexion and extension bilaterally, with no pain or discomfort."
,,,,Cozen's test,,mss mss,Pain or tenderness not elicited
,,,,Polk's test,,mss mss,No pain elicited upon lifting 2.5kg.
,,,,Pronation,,mss mss,"5/5, tender over the medial elbow"
,,,,Ulnar Tinel's Test,,mss mss ent,Percussion unable to be performed.
,,,,Varus and Valgus stress test,,mss mss,Negative
,,,,Range of Motion,,mss mss,"Full to flexion, extension, supination, and pronation."
,,,Hand exam,Observation,,mss mss derm lymph,"No deformity, skin abnormality, or swelling bilaterally. Variable in size, length, shape, position, and symmetry bilaterally. No Osler's nodes or Janeway lesions noted. Bouchard's and Heberden's nodes not observed. No evidence of splinter hemorrhage, Quinke's pulsation, or Beau's lines present."
,,,,Palpation,,mss mss lymph,"No tenderness, soft tissue swelling, or joint effusion noted upon exam bilaterally. Stable, no luxation, subluxation, or laxity noted. Temperature within normal limits."
,,,,Strength,,mss mss neuro,5/5 wrist flexion and extension bilaterally 
,,,,"Tinel's Test, Phelan's Test, and reverse Phelan's Test",,mss mss,No tingling or numbness endorsed.
,,,,Finklestein's Test and Eichhoff's Test,,mss mss,No pain endorsed
,,,,Lunotriquetral shear maneuver,,mss mss,No discomfort endorsed.
,,,,Watson's Test,,mss mss,No dislocation or pain endorsed.
,,,,Range of motion,,mss mss,"Hypermobile to abduction, adduction, flexion, and extension of the wrist.  MCP flexion and extension hypermobile. PIP and DIP flexion and extension hypermobile. Finger abduction and finger adduction hypermobile. Thumb abduction, adduction, opposition, IP and MP extension and flexion, hypermobile."
,,Right and Left lower limb exam,Observation,,,mss mss derm,no lower limbs are evident
,,,Pulses,,,mss mss,no lower limbs are evident
,,,Palpation,,,mss mss,no lower limbs are evident
,,,Strength,,,mss mss,no lower limbs are evident
,,,Gait,,,mss mss neuro,"Patient's gait is smooth and gliding, with no definite steps. No imbalance on turns."
,,,Hip exam,Observation,,mss mss,no lower limbs are evident
,,,,Gait,,mss mss neuro,"Patient's gait is smooth and gliding, with no definite steps. No imbalance on turns."
,,,,Palpation,,mss mss cv,no lower limbs are evident
,,,,Ober's test and Thomas test,,mss mss,no lower limbs are evident
,,,,Tenderness,,mss mss,no lower limbs are evident
,,,,Strength,,mss mss ent,no lower limbs are evident
,,,,Range of Motion,,mss mss,no lower limbs are evident
,,,Knee Exam,Observation,,mss mss derm,no lower limbs are evident
,,,,Palpation,,mss mss cv,no lower limbs are evident
,,,,"Range of motion, active and passive",,mss mss,no lower limbs are evident
,,,,McMurray's Test,,mss mss,no lower limbs are evident
,,,,Apley's Test,,mss mss,no lower limbs are evident
,,,,Median and Lateral Collateral Ligament Test,,mss mss,no lower limbs are evident
,,,,Pivot-Shift Test,,mss mss,no lower limbs are evident
,,,,Lachman's Test,,mss mss,no lower limbs are evident
,,,,Anterior Drawer Test,,mss mss,no lower limbs are evident
,,,,Posterior Drawer Test,,mss mss,no lower limbs are evident
,,,,Valgus and Valgus Stress Test,,mss mss,no lower limbs are evident
,,,,Posterior Sag test,,mss mss,no lower limbs are evident
,,,,Clarke's Test,,mss mss,no lower limbs are evident
,,,,Patellar Reflex Test,,mss mss neuro,no lower limbs are evident
,,,,Oppenheim Test,,mss mss neuro,no lower limbs are evident
,,,Foot exam,Observation,,mss mss neuro,no lower limbs are evident
,,,,Palpation,,mss mss cv,no lower limbs are evident
,,,,Achilles reflex,,mss mss neuro,no lower limbs are evident
,,,,Babinski reflex test,,mss mss neuro,no lower limbs are evident
,,,,Sensation,,mss mss neuro,no lower limbs are evident
,,,,Manual muscle testing of great toes,,mss mss,no lower limbs are evident
,,,,Manual muscle testing of lesser toe,,mss mss,no lower limbs are evident
,,,,Hubscher's maneuver,,mss mss,no lower limbs are evident
,,,,Repetitive heel rise test,,mss mss,no lower limbs are evident
,,,,Hop test,,mss mss,no lower limbs are evident
,,,,Squat test,,mss mss,no lower limbs are evident
,,,,Inversion and eversion,,mss mss,no lower limbs are evident
,,,,"Dorsiflexion, plantar flexion, inversion with and without dorsiflexion, and eversion with and without plantar flexion",,mss mss,no lower limbs are evident
,,Lower Back Exam,Observation,,,mss derm,"No external skin changes or signs of trauma. No exaggerated nor flattened normal spinal curves, deformities, or abnormal curvatures in spine, muscle atrophy, or abnormal hair patterns noted with Adam's forward bend test. Bony features of the shoulders and hips are of equal height bilaterally, with no pelvic asymmetry. Posture is upright. No clonus."
,,,Palpation,,,mss,"No resistance to palpation. Spinous processes are midline. Cervical, thoracic, and lumbar paraspinal muscles are not tender and are without spasm. No luxations or subluxations noted."
,,,Range of motion,,,mss,"Flexion, extension, rotation, bend, and slump test within normal limits, no discomfort, weakness, or numbness reported."
,,,Pain,,,mss,"Within normal limits, no costovertebral angle tenderness."
,,,Crossed and straight leg raise test,,,mss,Lying: no pain or discomfort to 70°. Seated: no pain or discomfort at full extension. Lasegue test: no pain or discomfort.
,,,Waddell Signs,Superficial tenderness,,mss,No superficial tenderness over the lumbar skin.
,,,,Non-anatomical tenderness,,mss,No deep tenderness distributed over multiple structures and anatomical boundaries. 
,,,,Axial loading,,mss,No pressure could be exerted.
,,,,Acetabular rotation,,mss,No lumbar pain in response to rotation of shoulder and pelvis within 30°/
,,,,Distracted straight leg raise discrepancy,,mss neuro,no lower limbs are evident
,,,,Regional sensory disturbance,,mss neuro,No decreased sensation in lower limb.
,,,,Regional weakness,,mss neuro,No unexplained weaknesses or cogwheeling in the lower limb.
,,,,Overreaction,,mss neuro,Response to stimuli is appropriate between multiple provocations.
,,,Femoral nerve traction test,,,mss neuro,no lower limbs are evident
,,,Schober's test,,,mss,no lower limbs are evident
,,,Gaenslen's test,,,mss,no lower limbs are evident
,,,Stork stand,,,mss,no lower limbs are evident
,,,Patrick-FABER test,,,mss,no lower limbs are evident
,,,Rectal tone,,,mss,Normal
,,,Saddle area anesthesia,,,mss,lower limbs absent
,,,Post-void residual,,,mss,Within normal limits
,Psychiatric,Mental Status Exam,Appearance,,,psych,"Clean and well-groomed, draped in starched white sheet."
,,,Alertness and orientation,,,psych,"The patient is alert and oriented to person, place, and time."
,,,Language,,,psych neuro,"Speech consists primarily of repeated groans in response to questions. There is no dysarthria. Patient was able to recognize and name 2 common objects with use of an Ouija board. Patient was able to comprehend instructions, read sentence and do as it says, and write a short sentence with Ouija board."
,,,Behavior,,,psych,"Cooperative, with appropriate eye contact and normal psychomotor activity. No abnormal movements."
,,,Mood,,,psych,Euthymic
,,,Affect,,,psych,"Broad, congruent, stable, and appropriate."
,,,Thought stream and form,,,psych,Logical and goal-directed.
,,,Thought content,,,psych,"No hallucinations or delusions. Displays preoccupation with the means of their death and obsession with their murderer, with mild homicidal ideation. No clear means of action are evident. Otherwise, quite friendly."
,,,Association,,,psych,Intact
,,,Memory,,,psych neuro,Recent/remote memory are grossly intact.
,,,Calculations,,,psych,Subtracts 7s clearly and easily.
,,,Insight/Judgment,,,psych,"Good, judgment abstract and memory are grossly intact."
,,,Higher cortical function and reasoning,,,psych,Intact to Trail Making B task and two-item verbal abstraction task.
,,,Attention span and concentration,,,psych,"Focus, concentration, and attention are observed to be unremarkable."
,,,Perception,,,psych,"Denies hallucinations, derealization, or depersonalization. "
,,,Visuospatial functioning,,,psych,"Intact to clock drawing, intersecting pentagons, and cube copying"
,Neurological,Cranial Nerve Exam,CN I,Smell,,neuro ent,Intact to odors bilaterally.
,,,CN II,Acuity,,neuro ent,20/20 OU
,,,,Visual Fields,,neuro ent,Normal to confrontation with finger counting
,,,,Pupillary response,,neuro ent,No pupils observed
,,,"CN III, IV, VI",Extraocular Movements,,neuro ent,No eyes were observed.
,,,,Pupils,,neuro ent,No eyes were observed
,,,CN V,Sensation,,neuro ent,"Facial sensation is intact bilaterally to dull, sharp, and light touch stimuli. Corneal reflex intact."
,,,,Motor,,neuro mss,Strength 5/5 of masseter muscles bilaterally to palpation.
,,,CN VII,Motor,,neuro ent,Facial movements symmetric.
,,,,Sensation,,neuro ent,Taste intact to bitter solution. No hyperacusis detected.
,,,CN VIII,Acuity,,neuro ent,Hearing intact with good acuity to whispered voice AU. Weber and Rinne test within normal limits bilaterally.
,,,,Vestibular function,,neuro ent,"Nystagmus absent, with and without Fresnel lenses. Vestibulo-ocular reflex intact. "
,,,CN IX and X,Elevation of the soft palate,,neuro ent,Palate and uvula elevated symmetrically
,,,,Gag reflex,,neuro ent,Present bilaterally
,,,,Hoarseness,,neuro ent,No hoarseness. Vocal cords normal to inspection. No lesions detected.
,,,CN XI,Lateral Head Turn,,neuro mss,Range of motion within normal limits
,,,,Shrugging,,neuro mss,Shoulder shrug strong and equal bilaterally
,,,CN XII,Tongue extension,,neuro ent,Tongue protrudes midline and moves symmetrically
,,Sensation,Spinothalamic,Sharp object sense,,neuro,Intact to pinprick proximally and distally in upper limbs
,,,,Temperature,,neuro,Intact to temperature proximally and distally in upper limbs
,,,,Cortical sensory function,,neuro,"Tactile localization, stereognosis, graphesthesia, two-point discrimination, and point localization within normal limits."
,,,,Joint position sense,,neuro,Intact to finger motion bilaterally
,,,,Romberg test,,neuro mss,Negative
,,,,Vibration test,,neuro,Intact to tuning fork proximally and distally in upper limbs
,,,,Light touch,,neuro,Patient unable to be touched.
,,Muscle Appearance,,,,neuro mss,Muscles cannot be visualized.
,,Tremors,,,,neuro,No tremors noted
,,Passive range of motion,Spasticity,,,neuro,None
,,,Rigidity,,,neuro,None
,,Strength testing,Fingers,,,neuro mss,5/5 bilaterally
,,,Hand,,,neuro mss,5/5 bilaterally
,,,Wrist,,,neuro mss,5/5 bilaterally
,,,Elbow,,,neuro mss,5/5 bilaterally
,,,Deltoid,,,neuro mss,5/5 bilaterally
,,,Biceps,,,neuro mss,5/5 bilaterally
,,,Triceps,,,neuro mss,5/5 bilaterally
,,,Quadriceps,,,neuro mss,No lower limb
,,,Hamstrings,,,neuro mss,No lower limb
,,,Hip,,,neuro mss,No lower limb
,,,Knee,,,neuro mss,No lower limb
,,,Ankle,,,neuro mss,No lower limb
,,Reflex testing,Deep tendon reflexes,,,neuro,No clonus
,,,Biceps,,,neuro mss,2+/2+
,,,Brachioradialis,,,neuro mss,2+/2+
,,,Triceps,,,neuro mss,2+/2+
,,,Patellar reflex,,,neuro mss,No lower limb
,,,Oppenheim test,,,neuro mss,No lower limb
,,,Achilles reflex,,,neuro mss,No lower limb
,,,Babinski reflex test,,,neuro mss,No lower limb
,,,Plantar reflex,,,neuro mss,No lower limb
,,Coordination,Finger to nose,,,neuro,Normal bilaterally
,,,Rapid alternating finger movements,,,neuro,Normal bilaterally
,,,Rapid alternating hand movements,,,neuro,Normal bilaterally
,,,Heel walk and toe walk,,,neuro,No lower limbs
,,,Heel to shin testing,,,neuro,No lower limbs
,,Myotome testing,L1 (hip flexion),,,neuro mss,No lower limb
,,,L2 (hip flexion and adduction) ,,,neuro mss,No lower limb
,,,L3 (knee extension),,,neuro mss,No lower limb
,,,L4 (ankle dorsiflexion),,,neuro mss,No lower limb
,,,L5 (toe extension),,,neuro mss,No lower limb
,,,S1 (ankle plantar flexion and eversion),,,neuro mss,No lower limb
,Dermatologic,Observation,,,,derm lymph,Skin unable to be visualized.
,,Eyes,,,,derm eye lymph,Eyes absent.
,,Face,,,,derm lymph ent,Face covered by sheet.
,,Mouth,,,,derm lymph ent,"Face covered by sheet, no visualization possible."
,,Neck,,,,derm lymph ent,Skin unable to be visualized
,,Chest,,,,derm lymph,Skin unable to be visualized
,,Abdomen,,,,derm lymph,Skin unable to be visualized
,,Back,,,,derm lymph,Skin unable to be visualized
,,Extremities,,,,derm mss,Skin unable to be visualized